laboratorio;rubrica;orcado;realizado
Toxicologia;Reagentes;91810;60707
Toxicologia;Equipamentos;105196;79030
Toxicologia;Materiais de Consumo;37256;25212
Toxicologia;Servicos Terceirizados;21434;20837
Toxicologia;Viagens;79482;51489
Toxicologia;Manutencao;63302;39087
Genetica;Reagentes;20280;14606
Genetica;Equipamentos;74237;69122
Genetica;Materiais de Consumo;81563;57857
Genetica;Servicos Terceirizados;93181;91851
Genetica;Viagens;62987;45428
Genetica;Manutencao;85236;64183
Balistica;Reagentes;8851;9004
Balistica;Equipamentos;28926;28462
Balistica;Materiais de Consumo;52597;39596
Balistica;Servicos Terceirizados;36221;40801
Balistica;Viagens;52118;34200
Balistica;Manutencao;57797;37752
Patologia;Reagentes;119082;93976
Patologia;Equipamentos;42671;44545
Patologia;Materiais de Consumo;103647;88378
Patologia;Servicos Terceirizados;24361;27654
Patologia;Viagens;57615;37066
Patologia;Manutencao;46427;49034
Identificacao;Reagentes;89070;96818
Identificacao;Equipamentos;55400;50831
Identificacao;Materiais de Consumo;100349;64048
Identificacao;Servicos Terceirizados;94673;68670
Identificacao;Viagens;45930;52446
Identificacao;Manutencao;38512;41460
Quimica;Reagentes;57823;43534
Quimica;Equipamentos;91320;96686
Quimica;Materiais de Consumo;29319;23560
Quimica;Servicos Terceirizados;35460;34346
Quimica;Viagens;99988;111502
Quimica;Manutencao;92939;59413
