mes;perito;tipo_exame;laudos_concluidos
2025-01;Almeida, C. R.;DNA;9
2025-01;Almeida, C. R.;Papiloscopia;20
2025-01;Costa, J. L.;DNA;8
2025-01;Costa, J. L.;Necropsia;3
2025-01;Costa, J. L.;Papiloscopia;11
2025-01;Costa, J. L.;Toxicologia;16
2025-01;Ferreira, T. A.;DNA;14
2025-01;Ferreira, T. A.;Necropsia;9
2025-01;Ferreira, T. A.;Papiloscopia;5
2025-01;Ferreira, T. A.;Toxicologia;4
2025-01;Lima, P. H.;Balistica;4
2025-01;Lima, P. H.;DNA;11
2025-01;Lima, P. H.;Toxicologia;17
2025-01;Martins, K. B.;Balistica;15
2025-01;Martins, K. B.;DNA;11
2025-01;Martins, K. B.;Necropsia;17
2025-01;Martins, K. B.;Toxicologia;6
2025-01;Oliveira, R. S.;Balistica;13
2025-01;Oliveira, R. S.;DNA;5
2025-01;Oliveira, R. S.;Toxicologia;6
2025-01;Silva, A. P.;Balistica;7
2025-01;Silva, A. P.;DNA;10
2025-01;Silva, A. P.;Papiloscopia;10
2025-01;Silva, A. P.;Toxicologia;6
2025-01;Souza, M. F.;Balistica;5
2025-01;Souza, M. F.;DNA;3
2025-01;Souza, M. F.;Papiloscopia;4
2025-01;Souza, M. F.;Toxicologia;9
2025-02;Almeida, C. R.;DNA;15
2025-02;Almeida, C. R.;Toxicologia;13
2025-02;Costa, J. L.;Balistica;18
2025-02;Costa, J. L.;DNA;13
2025-02;Costa, J. L.;Toxicologia;9
2025-02;Ferreira, T. A.;DNA;7
2025-02;Ferreira, T. A.;Necropsia;16
2025-02;Ferreira, T. A.;Papiloscopia;8
2025-02;Lima, P. H.;Balistica;14
2025-02;Lima, P. H.;Necropsia;10
2025-02;Lima, P. H.;Papiloscopia;7
2025-02;Lima, P. H.;Toxicologia;19
2025-02;Martins, K. B.;Balistica;3
2025-02;Martins, K. B.;DNA;19
2025-02;Martins, K. B.;Necropsia;11
2025-02;Martins, K. B.;Toxicologia;20
2025-02;Oliveira, R. S.;Necropsia;7
2025-02;Oliveira, R. S.;Papiloscopia;20
2025-02;Oliveira, R. S.;Toxicologia;10
2025-02;Silva, A. P.;Balistica;9
2025-02;Silva, A. P.;Necropsia;5
2025-02;Silva, A. P.;Papiloscopia;8
2025-02;Silva, A. P.;Toxicologia;11
2025-02;Souza, M. F.;Balistica;13
2025-02;Souza, M. F.;Necropsia;10
2025-02;Souza, M. F.;Papiloscopia;20
2025-02;Souza, M. F.;Toxicologia;11
2025-03;Almeida, C. R.;Balistica;8
2025-03;Almeida, C. R.;DNA;19
2025-03;Almeida, C. R.;Necropsia;3
2025-03;Almeida, C. R.;Toxicologia;20
2025-03;Costa, J. L.;Balistica;14
2025-03;Costa, J. L.;DNA;10
2025-03;Costa, J. L.;Necropsia;12
2025-03;Costa, J. L.;Papiloscopia;4
2025-03;Ferreira, T. A.;Balistica;20
2025-03;Ferreira, T. A.;Necropsia;9
2025-03;Ferreira, T. A.;Papiloscopia;12
2025-03;Ferreira, T. A.;Toxicologia;9
2025-03;Lima, P. H.;Papiloscopia;7
2025-03;Lima, P. H.;Toxicologia;18
2025-03;Martins, K. B.;Balistica;17
2025-03;Martins, K. B.;Necropsia;6
2025-03;Martins, K. B.;Papiloscopia;10
2025-03;Oliveira, R. S.;DNA;18
2025-03;Oliveira, R. S.;Papiloscopia;5
2025-03;Silva, A. P.;Balistica;12
2025-03;Silva, A. P.;DNA;6
2025-03;Silva, A. P.;Necropsia;16
2025-03;Silva, A. P.;Toxicologia;8
2025-03;Souza, M. F.;Balistica;19
2025-03;Souza, M. F.;DNA;8
2025-03;Souza, M. F.;Necropsia;6
2025-04;Almeida, C. R.;Balistica;10
2025-04;Almeida, C. R.;DNA;13
2025-04;Almeida, C. R.;Papiloscopia;19
2025-04;Almeida, C. R.;Toxicologia;5
2025-04;Costa, J. L.;Balistica;10
2025-04;Costa, J. L.;Necropsia;7
2025-04;Costa, J. L.;Toxicologia;18
2025-04;Ferreira, T. A.;Balistica;9
2025-04;Ferreira, T. A.;DNA;9
2025-04;Ferreira, T. A.;Necropsia;20
2025-04;Lima, P. H.;Balistica;4
2025-04;Lima, P. H.;Necropsia;4
2025-04;Lima, P. H.;Papiloscopia;6
2025-04;Martins, K. B.;DNA;10
2025-04;Martins, K. B.;Necropsia;17
2025-04;Martins, K. B.;Toxicologia;11
2025-04;Oliveira, R. S.;DNA;14
2025-04;Oliveira, R. S.;Necropsia;6
2025-04;Oliveira, R. S.;Toxicologia;16
2025-04;Silva, A. P.;Balistica;20
2025-04;Silva, A. P.;DNA;3
2025-04;Souza, M. F.;Papiloscopia;3
2025-04;Souza, M. F.;Toxicologia;5
2025-05;Almeida, C. R.;Necropsia;4
2025-05;Almeida, C. R.;Papiloscopia;15
2025-05;Almeida, C. R.;Toxicologia;8
2025-05;Costa, J. L.;Balistica;12
2025-05;Costa, J. L.;Necropsia;17
2025-05;Ferreira, T. A.;Necropsia;19
2025-05;Ferreira, T. A.;Papiloscopia;19
2025-05;Lima, P. H.;DNA;4
2025-05;Lima, P. H.;Papiloscopia;13
2025-05;Martins, K. B.;DNA;8
2025-05;Martins, K. B.;Papiloscopia;5
2025-05;Oliveira, R. S.;DNA;9
2025-05;Oliveira, R. S.;Necropsia;12
2025-05;Oliveira, R. S.;Papiloscopia;9
2025-05;Silva, A. P.;DNA;20
2025-05;Silva, A. P.;Necropsia;4
2025-05;Souza, M. F.;DNA;8
2025-05;Souza, M. F.;Toxicologia;16
2025-06;Almeida, C. R.;Balistica;13
2025-06;Almeida, C. R.;Necropsia;5
2025-06;Costa, J. L.;DNA;20
2025-06;Costa, J. L.;Necropsia;5
2025-06;Ferreira, T. A.;Balistica;3
2025-06;Ferreira, T. A.;Necropsia;20
2025-06;Ferreira, T. A.;Papiloscopia;19
2025-06;Lima, P. H.;Balistica;8
2025-06;Lima, P. H.;Toxicologia;12
2025-06;Martins, K. B.;DNA;6
2025-06;Martins, K. B.;Necropsia;20
2025-06;Martins, K. B.;Toxicologia;6
2025-06;Oliveira, R. S.;Balistica;14
2025-06;Oliveira, R. S.;Papiloscopia;7
2025-06;Silva, A. P.;DNA;10
2025-06;Silva, A. P.;Necropsia;5
2025-06;Silva, A. P.;Papiloscopia;16
2025-06;Silva, A. P.;Toxicologia;4
2025-06;Souza, M. F.;Balistica;10
2025-06;Souza, M. F.;DNA;15
2025-06;Souza, M. F.;Papiloscopia;13
2025-06;Souza, M. F.;Toxicologia;11
2025-07;Almeida, C. R.;Balistica;3
2025-07;Almeida, C. R.;Necropsia;4
2025-07;Costa, J. L.;Balistica;20
2025-07;Costa, J. L.;DNA;16
2025-07;Costa, J. L.;Toxicologia;17
2025-07;Ferreira, T. A.;Balistica;6
2025-07;Ferreira, T. A.;DNA;10
2025-07;Ferreira, T. A.;Papiloscopia;14
2025-07;Lima, P. H.;Necropsia;4
2025-07;Lima, P. H.;Toxicologia;12
2025-07;Martins, K. B.;Balistica;8
2025-07;Martins, K. B.;DNA;3
2025-07;Martins, K. B.;Necropsia;8
2025-07;Martins, K. B.;Toxicologia;16
2025-07;Oliveira, R. S.;Balistica;20
2025-07;Oliveira, R. S.;DNA;20
2025-07;Oliveira, R. S.;Necropsia;14
2025-07;Oliveira, R. S.;Papiloscopia;4
2025-07;Silva, A. P.;Balistica;9
2025-07;Silva, A. P.;Papiloscopia;13
2025-07;Souza, M. F.;Balistica;11
2025-07;Souza, M. F.;Necropsia;4
2025-08;Almeida, C. R.;Balistica;3
2025-08;Almeida, C. R.;DNA;15
2025-08;Almeida, C. R.;Toxicologia;9
2025-08;Costa, J. L.;Balistica;14
2025-08;Costa, J. L.;DNA;19
2025-08;Costa, J. L.;Toxicologia;15
2025-08;Ferreira, T. A.;DNA;11
2025-08;Ferreira, T. A.;Papiloscopia;9
2025-08;Ferreira, T. A.;Toxicologia;4
2025-08;Lima, P. H.;Necropsia;13
2025-08;Lima, P. H.;Papiloscopia;14
2025-08;Martins, K. B.;Balistica;5
2025-08;Martins, K. B.;DNA;16
2025-08;Martins, K. B.;Necropsia;14
2025-08;Martins, K. B.;Papiloscopia;13
2025-08;Oliveira, R. S.;Balistica;8
2025-08;Oliveira, R. S.;DNA;11
2025-08;Oliveira, R. S.;Necropsia;4
2025-08;Oliveira, R. S.;Papiloscopia;11
2025-08;Silva, A. P.;Balistica;11
2025-08;Silva, A. P.;DNA;15
2025-08;Silva, A. P.;Necropsia;8
2025-08;Silva, A. P.;Papiloscopia;6
2025-08;Souza, M. F.;Necropsia;9
2025-08;Souza, M. F.;Toxicologia;17
2025-09;Almeida, C. R.;Balistica;12
2025-09;Almeida, C. R.;DNA;16
2025-09;Almeida, C. R.;Papiloscopia;12
2025-09;Almeida, C. R.;Toxicologia;9
2025-09;Costa, J. L.;Balistica;9
2025-09;Costa, J. L.;Necropsia;18
2025-09;Costa, J. L.;Papiloscopia;17
2025-09;Costa, J. L.;Toxicologia;19
2025-09;Ferreira, T. A.;DNA;9
2025-09;Ferreira, T. A.;Papiloscopia;16
2025-09;Ferreira, T. A.;Toxicologia;15
2025-09;Lima, P. H.;DNA;10
2025-09;Lima, P. H.;Toxicologia;4
2025-09;Martins, K. B.;DNA;16
2025-09;Martins, K. B.;Necropsia;3
2025-09;Martins, K. B.;Toxicologia;6
2025-09;Oliveira, R. S.;Balistica;10
2025-09;Oliveira, R. S.;DNA;10
2025-09;Oliveira, R. S.;Papiloscopia;12
2025-09;Oliveira, R. S.;Toxicologia;5
2025-09;Silva, A. P.;Balistica;19
2025-09;Silva, A. P.;DNA;12
2025-09;Silva, A. P.;Papiloscopia;16
2025-09;Silva, A. P.;Toxicologia;13
2025-09;Souza, M. F.;Balistica;16
2025-09;Souza, M. F.;DNA;8
2025-09;Souza, M. F.;Toxicologia;15
