id_requisicao;data_recebimento;delegacia_origem;tipo_exame;setor;perito_responsavel;status;data_laudo;dias_uteis
REQ-2025-0001;2025-03-04;4a DP - Sinop;Toxicologia;Toxicologia;Almeida, C. R.;Concluido;2025-04-07;34
REQ-2025-0002;2025-02-27;7a DP - Cáceres;Papiloscopia;Identificacao;Silva, A. P.;Pendente;;224
REQ-2025-0003;2025-01-21;9a DP - Sorriso;Toxicologia;Toxicologia;Silva, A. P.;Concluido;2025-02-22;32
REQ-2025-0004;2025-10-20;7a DP - Cáceres;DNA;Genetica;Costa, J. L.;Pendente;;-11
REQ-2025-0005;2025-08-23;DEAM - Cuiaba;Balistica;Identificacao;Ferreira, T. A.;Concluido;2025-09-15;23
REQ-2025-0006;2025-06-29;DPOE - Cuiaba;Balistica;Balistica;Lima, P. H.;Concluido;2025-07-29;30
REQ-2025-0007;2025-02-27;2a DP - Várzea Grande;Toxicologia;Toxicologia;Lima, P. H.;Em andamento;;224
REQ-2025-0008;2025-07-01;9a DP - Sorriso;Balistica;Identificacao;Souza, M. F.;Concluido;2025-08-31;61
REQ-2025-0009;2025-07-18;5a DP - Barra do Garças;Toxicologia;Toxicologia;Lima, P. H.;Pendente;;83
REQ-2025-0010;2025-10-28;DH - Cuiaba;DNA;Genetica;Costa, J. L.;Concluido;2025-11-05;8
REQ-2025-0011;2025-06-03;7a DP - Cáceres;Toxicologia;Toxicologia;Oliveira, R. S.;Concluido;2025-06-18;15
REQ-2025-0012;2025-08-26;6a DP - Tangara da Serra;Balistica;Balistica;Costa, J. L.;Concluido;2025-10-15;50
REQ-2025-0013;2025-05-22;DH - Cuiaba;Toxicologia;Toxicologia;Almeida, C. R.;Pendente;;140
REQ-2025-0014;2025-10-06;7a DP - Cáceres;DNA;Genetica;Oliveira, R. S.;Concluido;2025-12-07;62
REQ-2025-0015;2025-10-18;4a DP - Sinop;DNA;Genetica;Silva, A. P.;Concluido;2025-10-28;10
REQ-2025-0016;2025-06-16;4a DP - Sinop;Necropsia;Patologia;Lima, P. H.;Concluido;2025-06-27;11
REQ-2025-0017;2025-04-24;DH - Cuiaba;Necropsia;Patologia;Martins, K. B.;Em andamento;;168
REQ-2025-0018;2025-03-20;DEAM - Cuiaba;Balistica;Balistica;Oliveira, R. S.;Concluido;2025-04-23;34
REQ-2025-0019;2025-11-01;7a DP - Cáceres;Necropsia;Patologia;Lima, P. H.;Pendente;;-23
REQ-2025-0020;2025-04-28;8a DP - Lucas do Rio Verde;DNA;Genetica;Souza, M. F.;Pendente;;164
REQ-2025-0021;2025-01-30;DPOE - Cuiaba;Toxicologia;Toxicologia;Ferreira, T. A.;Concluido;2025-02-22;23
REQ-2025-0022;2025-02-07;10a DP - Alta Floresta;Necropsia;Patologia;Martins, K. B.;Em andamento;;244
REQ-2025-0023;2025-10-03;1a DP - Cuiaba;Balistica;Balistica;Souza, M. F.;Pendente;;6
REQ-2025-0024;2025-10-07;5a DP - Barra do Garças;Balistica;Balistica;Ferreira, T. A.;Concluido;2025-10-24;17
REQ-2025-0025;2025-03-27;9a DP - Sorriso;Necropsia;Patologia;Almeida, C. R.;Concluido;2025-05-02;36
REQ-2025-0026;2025-09-22;10a DP - Alta Floresta;Toxicologia;Toxicologia;Costa, J. L.;Concluido;2025-11-28;67
REQ-2025-0027;2025-03-25;DPOE - Cuiaba;Balistica;Balistica;Silva, A. P.;Concluido;2025-06-05;72
REQ-2025-0028;2025-06-20;6a DP - Tangara da Serra;Necropsia;Patologia;Oliveira, R. S.;Concluido;2025-07-07;17
REQ-2025-0029;2025-05-08;2a DP - Várzea Grande;Toxicologia;Toxicologia;Souza, M. F.;Concluido;2025-07-22;75
REQ-2025-0030;2025-09-11;DPOE - Cuiaba;Toxicologia;Toxicologia;Almeida, C. R.;Pendente;;28
REQ-2025-0031;2025-03-12;3a DP - Rondonopolis;Necropsia;Patologia;Oliveira, R. S.;Pendente;;211
REQ-2025-0032;2025-10-03;DPOE - Cuiaba;Balistica;Identificacao;Costa, J. L.;Concluido;2025-12-14;72
REQ-2025-0033;2025-06-14;9a DP - Sorriso;Necropsia;Patologia;Martins, K. B.;Concluido;2025-08-12;59
REQ-2025-0034;2025-03-08;6a DP - Tangara da Serra;DNA;Genetica;Silva, A. P.;Concluido;2025-03-19;11
REQ-2025-0035;2025-10-16;4a DP - Sinop;DNA;Genetica;Silva, A. P.;Pendente;;-7
REQ-2025-0036;2025-02-11;1a DP - Cuiaba;Toxicologia;Toxicologia;Lima, P. H.;Concluido;2025-02-22;11
REQ-2025-0037;2025-02-11;4a DP - Sinop;Papiloscopia;Identificacao;Almeida, C. R.;Concluido;2025-04-17;65
REQ-2025-0038;2025-10-25;DPOE - Cuiaba;Balistica;Identificacao;Ferreira, T. A.;Concluido;2025-12-27;63
REQ-2025-0039;2025-04-13;6a DP - Tangara da Serra;Toxicologia;Toxicologia;Ferreira, T. A.;Concluido;2025-06-10;58
REQ-2025-0040;2025-08-04;1a DP - Cuiaba;Necropsia;Patologia;Ferreira, T. A.;Concluido;2025-08-19;15
REQ-2025-0041;2025-06-28;4a DP - Sinop;Toxicologia;Toxicologia;Martins, K. B.;Concluido;2025-07-25;27
REQ-2025-0042;2025-03-18;8a DP - Lucas do Rio Verde;Necropsia;Patologia;Costa, J. L.;Concluido;2025-04-25;38
REQ-2025-0043;2025-02-13;2a DP - Várzea Grande;Necropsia;Patologia;Silva, A. P.;Pendente;;238
REQ-2025-0044;2025-10-09;3a DP - Rondonopolis;Toxicologia;Toxicologia;Ferreira, T. A.;Concluido;2025-11-11;33
REQ-2025-0045;2025-09-11;1a DP - Cuiaba;Necropsia;Patologia;Almeida, C. R.;Concluido;2025-11-04;54
REQ-2025-0046;2025-07-19;5a DP - Barra do Garças;Toxicologia;Toxicologia;Martins, K. B.;Em andamento;;82
REQ-2025-0047;2025-06-01;DH - Cuiaba;Necropsia;Patologia;Martins, K. B.;Pendente;;130
REQ-2025-0048;2025-03-26;1a DP - Cuiaba;DNA;Genetica;Silva, A. P.;Concluido;2025-04-25;30
REQ-2025-0049;2025-06-15;9a DP - Sorriso;Toxicologia;Toxicologia;Almeida, C. R.;Concluido;2025-08-18;64
REQ-2025-0050;2025-02-04;10a DP - Alta Floresta;Papiloscopia;Identificacao;Souza, M. F.;Concluido;2025-02-15;11
REQ-2025-0051;2025-05-06;4a DP - Sinop;Necropsia;Patologia;Silva, A. P.;Concluido;2025-07-20;75
REQ-2025-0052;2025-02-16;10a DP - Alta Floresta;Necropsia;Patologia;Lima, P. H.;Pendente;;235
REQ-2025-0053;2025-05-19;5a DP - Barra do Garças;DNA;Genetica;Ferreira, T. A.;Concluido;2025-06-21;33
REQ-2025-0054;2025-03-14;6a DP - Tangara da Serra;Balistica;Balistica;Souza, M. F.;Em andamento;;209
REQ-2025-0055;2025-01-10;10a DP - Alta Floresta;Necropsia;Patologia;Souza, M. F.;Pendente;;272
REQ-2025-0056;2025-02-12;5a DP - Barra do Garças;Papiloscopia;Identificacao;Almeida, C. R.;Pendente;;239
REQ-2025-0057;2025-07-03;5a DP - Barra do Garças;Toxicologia;Toxicologia;Almeida, C. R.;Concluido;2025-08-22;50
REQ-2025-0058;2025-08-18;DPOE - Cuiaba;Balistica;Identificacao;Silva, A. P.;Pendente;;52
REQ-2025-0059;2025-10-16;5a DP - Barra do Garças;Balistica;Balistica;Souza, M. F.;Concluido;2025-11-05;20
REQ-2025-0060;2025-03-01;10a DP - Alta Floresta;Papiloscopia;Identificacao;Costa, J. L.;Concluido;2025-04-09;39
REQ-2025-0061;2025-06-30;8a DP - Lucas do Rio Verde;DNA;Genetica;Oliveira, R. S.;Concluido;2025-09-05;67
REQ-2025-0062;2025-02-01;5a DP - Barra do Garças;Toxicologia;Toxicologia;Silva, A. P.;Em andamento;;250
REQ-2025-0063;2025-01-07;3a DP - Rondonopolis;Balistica;Balistica;Martins, K. B.;Concluido;2025-02-12;36
REQ-2025-0064;2025-10-15;1a DP - Cuiaba;Necropsia;Patologia;Souza, M. F.;Pendente;;-6
REQ-2025-0065;2025-02-13;1a DP - Cuiaba;DNA;Genetica;Lima, P. H.;Pendente;;238
REQ-2025-0066;2025-10-31;3a DP - Rondonopolis;Papiloscopia;Identificacao;Silva, A. P.;Em andamento;;-22
REQ-2025-0067;2025-06-12;4a DP - Sinop;Balistica;Balistica;Costa, J. L.;Concluido;2025-07-30;48
REQ-2025-0068;2025-02-27;7a DP - Cáceres;Balistica;Balistica;Almeida, C. R.;Pendente;;224
REQ-2025-0069;2025-05-07;1a DP - Cuiaba;DNA;Genetica;Almeida, C. R.;Concluido;2025-07-01;55
REQ-2025-0070;2025-06-25;3a DP - Rondonopolis;Necropsia;Patologia;Souza, M. F.;Concluido;2025-08-01;37
REQ-2025-0071;2025-07-20;4a DP - Sinop;Toxicologia;Toxicologia;Costa, J. L.;Em andamento;;81
REQ-2025-0072;2025-08-29;4a DP - Sinop;Balistica;Balistica;Silva, A. P.;Concluido;2025-09-30;32
REQ-2025-0073;2025-04-14;2a DP - Várzea Grande;Necropsia;Patologia;Oliveira, R. S.;Concluido;2025-05-22;38
REQ-2025-0074;2025-07-04;6a DP - Tangara da Serra;Balistica;Identificacao;Silva, A. P.;Pendente;;97
REQ-2025-0075;2025-03-06;1a DP - Cuiaba;Balistica;Balistica;Souza, M. F.;Concluido;2025-04-11;36
REQ-2025-0076;2025-08-16;10a DP - Alta Floresta;Balistica;Balistica;Souza, M. F.;Concluido;2025-10-13;58
REQ-2025-0077;2025-07-22;DEAM - Cuiaba;Papiloscopia;Identificacao;Ferreira, T. A.;Concluido;2025-07-30;8
REQ-2025-0078;2025-01-06;2a DP - Várzea Grande;Papiloscopia;Identificacao;Lima, P. H.;Concluido;2025-03-05;58
REQ-2025-0079;2025-06-15;5a DP - Barra do Garças;Toxicologia;Toxicologia;Ferreira, T. A.;Concluido;2025-08-21;67
REQ-2025-0080;2025-06-22;3a DP - Rondonopolis;Necropsia;Patologia;Costa, J. L.;Concluido;2025-09-03;73
REQ-2025-0081;2025-08-09;5a DP - Barra do Garças;Necropsia;Patologia;Ferreira, T. A.;Concluido;2025-10-23;75
REQ-2025-0082;2025-10-13;4a DP - Sinop;Toxicologia;Toxicologia;Ferreira, T. A.;Concluido;2025-11-21;39
REQ-2025-0083;2025-10-29;8a DP - Lucas do Rio Verde;Balistica;Identificacao;Martins, K. B.;Em andamento;;-20
REQ-2025-0084;2025-04-25;5a DP - Barra do Garças;Balistica;Identificacao;Lima, P. H.;Concluido;2025-05-08;13
REQ-2025-0085;2025-02-22;DPOE - Cuiaba;DNA;Genetica;Costa, J. L.;Concluido;2025-03-25;31
REQ-2025-0086;2025-03-22;8a DP - Lucas do Rio Verde;Toxicologia;Toxicologia;Souza, M. F.;Concluido;2025-04-25;34
REQ-2025-0087;2025-08-27;4a DP - Sinop;Necropsia;Patologia;Ferreira, T. A.;Pendente;;43
REQ-2025-0088;2025-09-16;DH - Cuiaba;Necropsia;Patologia;Silva, A. P.;Concluido;2025-10-07;21
REQ-2025-0089;2025-03-01;DPOE - Cuiaba;Necropsia;Patologia;Martins, K. B.;Concluido;2025-03-26;25
REQ-2025-0090;2025-01-31;3a DP - Rondonopolis;Papiloscopia;Identificacao;Martins, K. B.;Concluido;2025-04-02;61
REQ-2025-0091;2025-10-04;10a DP - Alta Floresta;Balistica;Identificacao;Ferreira, T. A.;Em andamento;;5
REQ-2025-0092;2025-10-13;8a DP - Lucas do Rio Verde;Necropsia;Patologia;Oliveira, R. S.;Concluido;2025-12-15;63
REQ-2025-0093;2025-05-12;8a DP - Lucas do Rio Verde;Balistica;Balistica;Costa, J. L.;Pendente;;150
REQ-2025-0094;2025-05-26;4a DP - Sinop;Necropsia;Patologia;Oliveira, R. S.;Concluido;2025-07-04;39
REQ-2025-0095;2025-06-26;2a DP - Várzea Grande;Balistica;Balistica;Almeida, C. R.;Pendente;;105
REQ-2025-0096;2025-03-24;DEAM - Cuiaba;DNA;Genetica;Almeida, C. R.;Em andamento;;199
REQ-2025-0097;2025-04-25;7a DP - Cáceres;Toxicologia;Toxicologia;Lima, P. H.;Em andamento;;167
REQ-2025-0098;2025-10-10;1a DP - Cuiaba;Necropsia;Patologia;Costa, J. L.;Em andamento;;-1
REQ-2025-0099;2025-08-09;DEAM - Cuiaba;Necropsia;Patologia;Silva, A. P.;Pendente;;61
REQ-2025-0100;2025-10-27;1a DP - Cuiaba;Necropsia;Patologia;Lima, P. H.;Em andamento;;-18
REQ-2025-0101;2025-06-07;9a DP - Sorriso;Necropsia;Patologia;Costa, J. L.;Em andamento;;124
REQ-2025-0102;2025-09-12;8a DP - Lucas do Rio Verde;DNA;Genetica;Silva, A. P.;Concluido;2025-11-09;58
REQ-2025-0103;2025-07-24;DEAM - Cuiaba;Balistica;Balistica;Almeida, C. R.;Em andamento;;77
REQ-2025-0104;2025-09-02;9a DP - Sorriso;DNA;Genetica;Silva, A. P.;Pendente;;37
REQ-2025-0105;2025-07-26;3a DP - Rondonopolis;Papiloscopia;Identificacao;Martins, K. B.;Concluido;2025-09-21;57
REQ-2025-0106;2025-04-09;6a DP - Tangara da Serra;Toxicologia;Toxicologia;Costa, J. L.;Concluido;2025-05-30;51
REQ-2025-0107;2025-08-26;5a DP - Barra do Garças;Balistica;Balistica;Ferreira, T. A.;Concluido;2025-10-16;51
REQ-2025-0108;2025-05-15;1a DP - Cuiaba;Toxicologia;Toxicologia;Silva, A. P.;Em andamento;;147
REQ-2025-0109;2025-07-04;DPOE - Cuiaba;DNA;Genetica;Silva, A. P.;Concluido;2025-07-12;8
REQ-2025-0110;2025-05-12;4a DP - Sinop;DNA;Genetica;Almeida, C. R.;Concluido;2025-06-03;22
REQ-2025-0111;2025-09-05;4a DP - Sinop;Toxicologia;Toxicologia;Martins, K. B.;Pendente;;34
REQ-2025-0112;2025-05-17;DPOE - Cuiaba;Balistica;Balistica;Almeida, C. R.;Concluido;2025-06-03;17
REQ-2025-0113;2025-06-14;1a DP - Cuiaba;Toxicologia;Toxicologia;Oliveira, R. S.;Pendente;;117
REQ-2025-0114;2025-10-27;DEAM - Cuiaba;Necropsia;Patologia;Costa, J. L.;Em andamento;;-18
REQ-2025-0115;2025-02-13;DH - Cuiaba;Papiloscopia;Identificacao;Souza, M. F.;Concluido;2025-03-26;41
REQ-2025-0116;2025-10-22;7a DP - Cáceres;Toxicologia;Toxicologia;Lima, P. H.;Concluido;2026-01-01;71
REQ-2025-0117;2025-02-10;8a DP - Lucas do Rio Verde;Balistica;Identificacao;Souza, M. F.;Concluido;2025-04-07;56
REQ-2025-0118;2025-08-15;DEAM - Cuiaba;Balistica;Balistica;Almeida, C. R.;Em andamento;;55
REQ-2025-0119;2025-08-16;DH - Cuiaba;DNA;Genetica;Oliveira, R. S.;Pendente;;54
REQ-2025-0120;2025-10-08;7a DP - Cáceres;Necropsia;Patologia;Oliveira, R. S.;Em andamento;;1
